city,city_ascii,lat,lng,country,iso2,iso3,admin_name,capital,population,id
Tokyo,Tokyo,35.6897,139.6922,Japan,JP,JPN,Tōkyō,primary,37732000.0,1392685764
Jakarta,Jakarta,-6.175,106.8275,Indonesia,ID,IDN,Jakarta,primary,33756000.0,1360771077
Manila,Manila,14.5958,120.9772,Philippines,PH,PHL,Manila,primary,24922000.0,1608618140
Seoul,Seoul,37.56,126.99,"Korea, South",KR,KOR,Seoul,primary,23016000.0,1410836482
Mexico City,Mexico City,19.4333,-99.1333,Mexico,MX,MEX,Ciudad de México,primary,21804000.0,1484247881
Cairo,Cairo,30.0444,31.2358,Egypt,EG,EGY,Al Qāhirah,primary,20296000.0,1818253931
Dhaka,Dhaka,23.7639,90.3889,Bangladesh,BD,BGD,Dhaka,primary,18627000.0,1050529279
Beijing,Beijing,39.9067,116.3975,China,CN,CHN,Beijing,primary,18522000.0,1156228865
Bangkok,Bangkok,13.7525,100.4942,Thailand,TH,THA,Krung Thep Maha Nakhon,primary,18007000.0,1764068610
Moscow,Moscow,55.7558,37.6172,Russia,RU,RUS,Moskva,primary,17332000.0,1643318494
Buenos Aires,Buenos Aires,-34.6033,-58.3817,Argentina,AR,ARG,"Buenos Aires, Ciudad Autónoma de",primary,16710000.0,1032717330
Tehran,Tehran,35.6892,51.3889,Iran,IR,IRN,Tehrān,primary,14148000.0,1364305026
Kinshasa,Kinshasa,-4.3219,15.3119,Congo (Kinshasa),CD,COD,Kinshasa,primary,12836000.0,1180000363
London,London,51.5072,-0.1275,United Kingdom,GB,GBR,"London, City of",primary,11262000.0,1826645935
Paris,Paris,48.8567,2.3522,France,FR,FRA,Île-de-France,primary,11060000.0,1250015082
Lima,Lima,-12.06,-77.0375,Peru,PE,PER,Lima,primary,10320000.0,1604728603
Luanda,Luanda,-8.8383,13.2344,Angola,AO,AGO,Luanda,primary,9051000.0,1024949724
Kuala Lumpur,Kuala Lumpur,3.1478,101.6953,Malaysia,MY,MYS,Kuala Lumpur,primary,8911000.0,1458988644
Hanoi,Hanoi,21.0,105.85,Vietnam,VN,VNM,Hà Nội,primary,8246600.0,1704413791
Bogotá,Bogota,4.7111,-74.0722,Colombia,CO,COL,Bogotá,primary,7968095.0,1170483426
Khartoum,Khartoum,15.6,32.5,Sudan,SD,SDN,Khartoum,primary,7869000.0,1729268475
Hong Kong,Hong Kong,22.3,114.2,Hong Kong,HK,HKG,,primary,7450000.0,1344982653
Riyadh,Riyadh,24.6333,46.7167,Saudi Arabia,SA,SAU,Ar Riyāḑ,primary,7237000.0,1682999334
Santiago,Santiago,-33.4372,-70.6506,Chile,CL,CHL,Región Metropolitana,primary,7171000.0,1152554349
Madrid,Madrid,40.4169,-3.7033,Spain,ES,ESP,Madrid,primary,6211000.0,1724616994
Baghdad,Baghdad,33.3153,44.3661,Iraq,IQ,IRQ,Baghdād,primary,6183000.0,1368596238
Singapore,Singapore,1.3,103.8,Singapore,SG,SGP,,primary,5983000.0,1702341327
Nairobi,Nairobi,-1.2864,36.8172,Kenya,KE,KEN,Nairobi City,primary,5545000.0,1404000661
Ankara,Ankara,39.93,32.85,Turkey,TR,TUR,Ankara,primary,5503985.0,1792572891
Rangoon,Rangoon,16.795,96.16,Burma,MM,MMR,Yangon,primary,5209541.0,1104616656
Washington,Washington,38.9047,-77.0163,United States,US,USA,District of Columbia,primary,5116378.0,1840006060
Abidjan,Abidjan,5.3167,-4.0333,Côte d’Ivoire,CI,CIV,Abidjan,primary,4980000.0,1384207980
Berlin,Berlin,52.52,13.405,Germany,DE,DEU,Berlin,primary,4890363.0,1276451290
Cape Town,Cape Town,-33.9253,18.4239,South Africa,ZA,ZAF,Western Cape,primary,4770313.0,1710680650
Kabul,Kabul,34.5253,69.1783,Afghanistan,AF,AFG,Kābul,primary,4273156.0,1004993580
Bamako,Bamako,12.6392,-8.0028,Mali,ML,MLI,Bamako,primary,4227569.0,1466965925
Amman,Amman,31.9497,35.9328,Jordan,JO,JOR,Al ‘Āşimah,primary,4007526.0,1400522593
Abuja,Abuja,9.0667,7.4833,Nigeria,NG,NGA,Federal Capital Territory,primary,3770000.0,1566342270
Algiers,Algiers,36.7539,3.0589,Algeria,DZ,DZA,Alger,primary,3415811.0,1012973369
Athens,Athens,37.9842,23.7281,Greece,GR,GRC,Attikí,primary,3059764.0,1300715560
Addis Ababa,Addis Ababa,9.03,38.74,Ethiopia,ET,ETH,Ādīs Ābeba,primary,3041002.0,1231824991
Guatemala City,Guatemala City,14.6133,-90.5353,Guatemala,GT,GTM,Guatemala,primary,3014000.0,1320197916
Kuwait City,Kuwait City,29.3697,47.9783,Kuwait,KW,KWT,Al ‘Āşimah,primary,3000000.0,1414102075
Budapest,Budapest,47.4925,19.0514,Hungary,HU,HUN,Budapest,primary,2997958.0,1348611435
Sanaa,Sanaa,15.3483,44.2064,Yemen,YE,YEM,Amānat al ‘Āşimah,primary,2957000.0,1887750814
Tashkent,Tashkent,41.3111,69.2797,Uzbekistan,UZ,UZB,Toshkent,primary,2956384.0,1860331871
Kyiv,Kyiv,50.45,30.5233,Ukraine,UA,UKR,"Kyiv, Misto",primary,2952301.0,1804382913
La Paz,La Paz,-16.4958,-68.1333,Bolivia,BO,BOL,La Paz,primary,2867504.0,1068000064
Pyongyang,Pyongyang,39.0167,125.7475,"Korea, North",KP,PRK,P’yŏngyang,primary,2863000.0,1408738594
Brasília,Brasilia,-15.7939,-47.8828,Brazil,BR,BRA,Distrito Federal,primary,2817068.0,1076144436
Rome,Rome,41.8933,12.4828,Italy,IT,ITA,Lazio,primary,2748109.0,1380382862
Mogadishu,Mogadishu,2.0392,45.3419,Somalia,SO,SOM,Banaadir,primary,2610483.0,1706893395
Taipei,Taipei,25.0375,121.5625,Taiwan,TW,TWN,Taipei,primary,2603150.0,1158881289
Damascus,Damascus,33.5131,36.2919,Syria,SY,SYR,Dimashq,primary,2584771.0,1760685964
Lusaka,Lusaka,-15.4167,28.2833,Zambia,ZM,ZMB,Lusaka,primary,2467563.0,1894157390
Ouagadougou,Ouagadougou,12.3686,-1.5275,Burkina Faso,BF,BFA,Centre,primary,2453496.0,1854029208
Yaoundé,Yaounde,3.8667,11.5167,Cameroon,CM,CMR,Centre,primary,2440462.0,1120298240
Beirut,Beirut,33.8983,35.5057,Lebanon,LB,LBN,Beyrouth,primary,2421354.0,1422847713
Bucharest,Bucharest,44.4325,26.1039,Romania,RO,ROU,Bucureşti,primary,2412530.0,1642414442
Accra,Accra,5.55,-0.2,Ghana,GH,GHA,Greater Accra,primary,2388000.0,1288299415
Colombo,Colombo,6.9344,79.8428,Sri Lanka,LK,LKA,Western,primary,2323826.0,1144251314
Baku,Baku,40.3953,49.8822,Azerbaijan,AZ,AZE,Bakı,primary,2300500.0,1031946365
Antananarivo,Antananarivo,-18.91,47.525,Madagascar,MG,MDG,Antananarivo,primary,2300000.0,1450978461
Caracas,Caracas,10.4806,-66.9036,Venezuela,VE,VEN,Distrito Capital,primary,2245744.0,1862748204
Vienna,Vienna,48.2083,16.3725,Austria,AT,AUT,Wien,primary,2223236.0,1040261752
Harare,Harare,-17.8292,31.0522,Zimbabwe,ZW,ZWE,Harare,primary,2150000.0,1716196799
Phnom Penh,Phnom Penh,11.5694,104.9211,Cambodia,KH,KHM,Phnom Penh,primary,2129371.0,1116260534
Stockholm,Stockholm,59.3294,18.0686,Sweden,SE,SWE,Stockholm,primary,2121000.0,1752425602
Havana,Havana,23.1367,-82.3589,Cuba,CU,CUB,La Habana,primary,2089532.0,1192752771
Minsk,Minsk,53.9,27.5667,Belarus,BY,BLR,Minsk,primary,1995471.0,1112348503
Warsaw,Warsaw,52.23,21.0111,Poland,PL,POL,Mazowieckie,primary,1860281.0,1616024847
San Juan,San Juan,18.3985,-66.061,Puerto Rico,PR,PRI,Puerto Rico,primary,1814587.0,1630035577
Quito,Quito,-0.22,-78.5125,Ecuador,EC,ECU,Pichincha,primary,1763275.0,1218441993
Brazzaville,Brazzaville,-4.2694,15.2711,Congo (Brazzaville),CG,COG,Brazzaville,primary,1733263.0,1178340306
Montevideo,Montevideo,-34.8836,-56.1819,Uruguay,UY,URY,Montevideo,primary,1719453.0,1858107000
Tegucigalpa,Tegucigalpa,14.1058,-87.2047,Honduras,HN,HND,Francisco Morazán,primary,1682725.0,1340344059
Kampala,Kampala,0.3136,32.5811,Uganda,UG,UGA,Kampala,primary,1680600.0,1800406299
Conakry,Conakry,9.5092,-13.7122,Guinea,GN,GIN,Conakry,primary,1667864.0,1324568159
Sofia,Sofia,42.7,23.33,Bulgaria,BG,BGR,Sofia-Grad,primary,1547779.0,1100762037
San José,San Jose,9.9325,-84.08,Costa Rica,CR,CRI,San José,primary,1543000.0,1188749877
Kigali,Kigali,-1.9439,30.0594,Rwanda,RW,RWA,Kigali,primary,1518632.0,1646923541
Panama City,Panama City,8.9833,-79.5167,Panama,PA,PAN,Panamá,primary,1500189.0,1591672475
Abu Dhabi,Abu Dhabi,24.4667,54.3667,United Arab Emirates,AE,ARE,Abū Z̧aby,primary,1483000.0,1784176710
Amsterdam,Amsterdam,52.3728,4.8936,Netherlands,NL,NLD,Noord-Holland,primary,1459402.0,1528355309
Dakar,Dakar,14.6928,-17.4467,Senegal,SN,SEN,Dakar,primary,1438725.0,1686604760
Muscat,Muscat,23.6139,58.5922,Oman,OM,OMN,Masqaţ,primary,1421409.0,1512035506
Kharkiv,Kharkiv,49.9925,36.2311,Ukraine,UA,UKR,Kharkivska Oblast,admin,1421125.0,1804588111
Ulaanbaatar,Ulaanbaatar,47.9203,106.9172,Mongolia,MN,MNG,Ulaanbaatar,primary,1396288.0,1496024767
Copenhagen,Copenhagen,55.6761,12.5683,Denmark,DK,DNK,Hovedstaden,primary,1366301.0,1208763942
Helsinki,Helsinki,60.1708,24.9375,Finland,FI,FIN,Uusimaa,primary,1360075.0,1246177997
Prague,Prague,50.0875,14.4214,Czechia,CZ,CZE,Praha,primary,1357326.0,1203744823
Dublin,Dublin,53.35,-6.2603,Ireland,IE,IRL,Dublin,primary,1263219.0,1372595407
Brussels,Brussels,50.8467,4.3525,Belgium,BE,BEL,Brussels-Capital Region,primary,1235192.0,1056469830
Belgrade,Belgrade,44.82,20.46,Serbia,RS,SRB,Beograd,primary,1197714.0,1688374696
Doha,Doha,25.2867,51.5333,Qatar,QA,QAT,Ad Dawḩah,primary,1186023.0,1634459660
Tripoli,Tripoli,32.8872,13.1914,Libya,LY,LBY,Ţarābulus,primary,1183000.0,1434201852
Nay Pyi Taw,Nay Pyi Taw,19.7475,96.115,Burma,MM,MMR,Nay Pyi Taw,primary,1160242.0,1104838105
Bujumbura,Bujumbura,-3.3833,29.3667,Burundi,BI,BDI,Bujumbura Mairie,primary,1143202.0,1108101689
Maputo,Maputo,-25.9667,32.5833,Mozambique,MZ,MOZ,Maputo,primary,1133200.0,1508074843
Santo Domingo,Santo Domingo,18.4667,-69.95,Dominican Republic,DO,DOM,Ozama,primary,1128678.0,1214636202
Bishkek,Bishkek,42.8747,74.6122,Kyrgyzstan,KG,KGZ,Bishkek,primary,1120827.0,1417191971
Tbilisi,Tbilisi,41.7225,44.7925,Georgia,GE,GEO,Tbilisi,primary,1118035.0,1268203191
N’Djamena,N'Djamena,12.11,15.05,Chad,TD,TCD,N’Djamena,primary,1092066.0,1148708596
Astana,Astana,51.1472,71.4222,Kazakhstan,KZ,KAZ,Nur-Sultan,primary,1078362.0,1398516045
Nouakchott,Nouakchott,18.0858,-15.9785,Mauritania,MR,MRT,Nouakchott Ouest,primary,1077169.0,1478414984
Yerevan,Yerevan,40.1814,44.5144,Armenia,AM,ARM,Yerevan,primary,1075800.0,1051074169
Ottawa,Ottawa,45.4247,-75.695,Canada,CA,CAN,Ontario,primary,1068821.0,1124399363
Oslo,Oslo,59.9133,10.7389,Norway,NO,NOR,Oslo,primary,1064235.0,1578324706
Managua,Managua,12.1364,-86.2514,Nicaragua,NI,NIC,Managua,primary,1051236.0,1558296252
Ashgabat,Ashgabat,37.9375,58.38,Turkmenistan,TM,TKM,Aşgabat,primary,1030063.0,1795049992
Niamey,Niamey,13.515,2.1175,Niger,NE,NER,Niamey,primary,1026848.0,1562932886
Monrovia,Monrovia,6.3133,-10.8014,Liberia,LR,LBR,Montserrado,primary,1021762.0,1430477826
Islamabad,Islamabad,33.6931,73.0639,Pakistan,PK,PAK,Islamabad,primary,1014825.0,1586306717
Odesa,Odesa,46.4775,30.7326,Ukraine,UA,UKR,Odeska Oblast,admin,1010537.0,1804178102
Lilongwe,Lilongwe,-13.9833,33.7833,Malawi,MW,MWI,Lilongwe,primary,989318.0,1454688499
Port-au-Prince,Port-au-Prince,18.5333,-72.3333,Haiti,HT,HTI,Ouest,primary,987310.0,1332401940
Dnipro,Dnipro,48.4675,35.04,Ukraine,UA,UKR,Dnipropetrovska Oblast,admin,968502.0,1804152933
Asmara,Asmara,15.3228,38.925,Eritrea,ER,ERI,Ma’ĭkel,primary,963000.0,1232791236
Freetown,Freetown,8.4844,-13.2344,Sierra Leone,SL,SLE,Western Area,primary,951000.0,1694085071
Vientiane,Vientiane,17.98,102.63,Laos,LA,LAO,Viangchan,primary,948487.0,1418732714
Jerusalem,Jerusalem,31.7789,35.2256,Israel,IL,ISR,Jerusalem,primary,936425.0,1376261644
Riga,Riga,56.9489,24.1064,Latvia,LV,LVA,Rīga,primary,920643.0,1428586192
Donetsk,Donetsk,48.0028,37.8053,Ukraine,UA,UKR,Donetska Oblast,admin,901645.0,1804963805
Bangui,Bangui,4.3733,18.5628,Central African Republic,CF,CAF,Bangui,primary,889231.0,1140080881
Dushanbe,Dushanbe,38.5367,68.78,Tajikistan,TJ,TJK,Dushanbe,primary,863400.0,1762930616
Kathmandu,Kathmandu,27.71,85.32,Nepal,NP,NPL,,primary,845767.0,1524589448
Libreville,Libreville,0.3903,9.4542,Gabon,GA,GAB,Estuaire,primary,797003.0,1266952885
Zagreb,Zagreb,45.8131,15.9775,Croatia,HR,HRV,"Zagreb, Grad",primary,767131.0,1191233290
Pretoria,Pretoria,-25.7461,28.1881,South Africa,ZA,ZAF,Gauteng,primary,741651.0,1710176249
Lviv,Lviv,49.8425,24.0322,Ukraine,UA,UKR,Lvivska Oblast,admin,717273.0,1804939658
Vilnius,Vilnius,54.6872,25.28,Lithuania,LT,LTU,Vilniaus Miestas,primary,716856.0,1440887149
Zaporizhzhia,Zaporizhzhia,47.85,35.1175,Ukraine,UA,UKR,Zaporizka Oblast,admin,710052.0,1804644752
Chisinau,Chisinau,47.0228,28.8353,Moldova,MD,MDA,Chişinău,primary,702300.0,1498011437
Port Moresby,Port Moresby,-9.4789,147.1494,Papua New Guinea,PG,PNG,National Capital,primary,700000.0,1598685395
Cotonou,Cotonou,6.3667,2.4333,Benin,BJ,BEN,Littoral,primary,679012.0,1204955174
Manama,Manama,26.225,50.5775,Bahrain,BH,BHR,Al ‘Āşimah,primary,635000.0,1048989486
Bazal’tove,Bazal'tove,50.6765,26.16,Ukraine,UA,UKR,Rivnenska Oblast,,625543.0,1804864050
Tallinn,Tallinn,59.4372,24.7453,Estonia,EE,EST,Tallinn,primary,614561.0,1233260021
Kryvyi Rih,Kryvyi Rih,47.91,33.39,Ukraine,UA,UKR,Dnipropetrovska Oblast,minor,603904.0,1804544901
Djibouti,Djibouti,11.5883,43.145,Djibouti,DJ,DJI,Djibouti,primary,603900.0,1262028958
Tunis,Tunis,36.8064,10.1817,Tunisia,TN,TUN,Tunis,primary,602560.0,1788742103
Gaza,Gaza,31.5069,34.456,Gaza Strip,XG,XGZ,,primary,590481.0,1916116052
Kingston,Kingston,17.9714,-76.7931,Jamaica,JM,JAM,Kingston,primary,580000.0,1388709177
Rabat,Rabat,34.0209,-6.8416,Morocco,MA,MAR,Rabat-Salé-Kénitra,primary,572717.0,1504023252
Lisbon,Lisbon,38.7253,-9.15,Portugal,PT,PRT,Lisboa,primary,548703.0,1620619017
The Hague,The Hague,52.08,4.31,Netherlands,NL,NLD,Zuid-Holland,primary,548320.0,1528799905
Skopje,Skopje,41.9961,21.4317,North Macedonia,MK,MKD,Skopje,primary,526502.0,1807600615
Bissau,Bissau,11.85,-15.5667,Guinea-Bissau,GW,GNB,Bissau,primary,492004.0,1624168850
Sevastopol,Sevastopol,44.605,33.5225,Ukraine,UA,UKR,"Sevastopol, Misto",admin,485386.0,1804806030
Valletta,Valletta,35.8983,14.5125,Malta,MT,MLT,Valletta,primary,480134.0,1470574399
Asunción,Asuncion,-25.3,-57.6333,Paraguay,PY,PRY,Asunción,primary,477346.0,1600057911
Bratislava,Bratislava,48.1439,17.1097,Slovakia,SK,SVK,Bratislava,primary,475503.0,1703195001
Mykolaiv,Mykolaiv,46.975,31.995,Ukraine,UA,UKR,Mykolaivska Oblast,admin,470011.0,1804398395
Juba,Juba,4.85,31.6,South Sudan,SS,SSD,Central Equatoria,primary,459342.0,1728444337
Mariupol,Mariupol,47.0958,37.5494,Ukraine,UA,UKR,Donetska Oblast,minor,449498.0,1804630021
Windhoek,Windhoek,-22.57,17.0836,Namibia,,NAM,Khomas,primary,431000.0,1516802003
Sarajevo,Sarajevo,43.8564,18.4131,Bosnia and Herzegovina,BA,BIH,"Bosnia and Herzegovina, Federation of",primary,419957.0,1070966777
Tirana,Tirana,41.3289,19.8178,Albania,AL,ALB,Tiranë,primary,418495.0,1008162156
Luhansk,Luhansk,48.5678,39.3031,Ukraine,UA,UKR,Luhanska Oblast,admin,417990.0,1804688214
Banjul,Banjul,13.4531,-16.5775,"Gambia, The",GM,GMB,Banjul,primary,413397.0,1270723713
Canberra,Canberra,-35.2931,149.1269,Australia,AU,AUS,Australian Capital Territory,primary,381488.0,1036142029
Vinnytsia,Vinnytsia,49.2333,28.4833,Ukraine,UA,UKR,Vinnytska Oblast,admin,369739.0,1804658571
Maseru,Maseru,-29.31,27.48,Lesotho,LS,LSO,Maseru,primary,343541.0,1426977668
Makiivka,Makiivka,48.0556,37.9611,Ukraine,UA,UKR,Donetska Oblast,minor,343158.0,1804926154
Simferopol,Simferopol,44.9519,34.1022,Ukraine,UA,UKR,"Krym, Avtonomna Respublika",admin,340540.0,1804665958
Nicosia,Nicosia,35.1725,33.365,Cyprus,CY,CYP,Lefkosía,primary,330000.0,1196944155
San Salvador,San Salvador,13.6989,-89.1914,El Salvador,SV,SLV,San Salvador,primary,316090.0,1222647454
Saint-Denis,Saint-Denis,-20.8789,55.4481,Reunion,RE,REU,,primary,315080.0,1638024662
Sucre,Sucre,-19.0475,-65.26,Bolivia,BO,BOL,Chuquisaca,primary,300000.0,1068823873
Malabo,Malabo,3.7456,8.7744,Equatorial Guinea,GQ,GNQ,Bioko Norte,primary,297000.0,1226861333
Chernihiv,Chernihiv,51.4939,31.2947,Ukraine,UA,UKR,Chernihivska Oblast,admin,286899.0,1804565996
Ljubljana,Ljubljana,46.0514,14.5061,Slovenia,SI,SVN,Ljubljana,primary,284293.0,1705917455
Poltava,Poltava,49.5894,34.5514,Ukraine,UA,UKR,Poltavska Oblast,admin,283402.0,1804547489
Kherson,Kherson,46.6425,32.625,Ukraine,UA,UKR,Khersonska Oblast,admin,279131.0,1804514036
Khmelnytskyi,Khmelnytskyi,49.4167,27.0,Ukraine,UA,UKR,Khmelnytska Oblast,admin,274452.0,1804347108
Nassau,Nassau,25.0781,-77.3386,"Bahamas, The",BS,BHS,,primary,274400.0,1044318561
Cherkasy,Cherkasy,49.4444,32.0597,Ukraine,UA,UKR,Cherkaska Oblast,admin,269836.0,1804459212
Sumy,Sumy,50.9119,34.8028,Ukraine,UA,UKR,Sumska Oblast,admin,265758.0,1804489982
Chernivtsi,Chernivtsi,48.3,25.9333,Ukraine,UA,UKR,Chernivetska Oblast,admin,265471.0,1804652872
Zhytomyr,Zhytomyr,50.25,28.6667,Ukraine,UA,UKR,Zhytomyrska Oblast,admin,261624.0,1804540656
Horlivka,Horlivka,48.3,38.05,Ukraine,UA,UKR,Donetska Oblast,minor,256714.0,1804235146
Bloemfontein,Bloemfontein,-29.1167,26.2167,South Africa,ZA,ZAF,Free State,primary,256185.0,1710495933
Fort-de-France,Fort-de-France,14.6,-61.0667,Martinique,MQ,MTQ,,primary,253995.0,1474969110
New Delhi,New Delhi,28.6139,77.2089,India,IN,IND,Delhi,primary,249998.0,1356215164
Rivne,Rivne,50.6192,26.2519,Ukraine,UA,UKR,Rivnenska Oblast,admin,245289.0,1804144712
Ivano-Frankivsk,Ivano-Frankivsk,48.9228,24.7106,Ukraine,UA,UKR,Ivano-Frankivska Oblast,admin,238196.0,1804208152
Gaborone,Gaborone,-24.6581,25.9122,Botswana,BW,BWA,Gaborone,primary,235884.0,1072756768
Kropyvnytskyi,Kropyvnytskyi,48.5,32.2667,Ukraine,UA,UKR,Kirovohradska Oblast,admin,227413.0,1804374492
Kamianske,Kamianske,48.5167,34.6167,Ukraine,UA,UKR,Dnipropetrovska Oblast,minor,226845.0,1804033242
Ternopil,Ternopil,49.5667,25.6,Ukraine,UA,UKR,Ternopilska Oblast,admin,225238.0,1804000146
Paramaribo,Paramaribo,5.8522,-55.2039,Suriname,SR,SUR,Paramaribo,primary,223757.0,1740518660
Dili,Dili,-8.5536,125.5783,Timor-Leste,TL,TLS,Díli,primary,222323.0,1626308942
Kremenchuk,Kremenchuk,49.0631,33.4039,Ukraine,UA,UKR,Poltavska Oblast,minor,220174.0,1804343754
Wellington,Wellington,-41.2889,174.7772,New Zealand,NZ,NZL,Wellington,primary,216200.0,1554772152
Lutsk,Lutsk,50.75,25.3358,Ukraine,UA,UKR,Volynska Oblast,admin,215986.0,1804014744
Bila Tserkva,Bila Tserkva,49.7989,30.1153,Ukraine,UA,UKR,Kyivska Oblast,minor,208944.0,1804758853
Georgetown,Georgetown,6.8058,-58.1508,Guyana,GY,GUY,Demerara-Mahaica,primary,200500.0,1328160906
Pristina,Pristina,42.6633,21.1622,Kosovo,XK,XKS,Prishtinë,primary,198897.0,1901760068
Suva,Suva,-18.1416,178.4419,Fiji,FJ,FJI,Rewa,primary,185913.0,1242615095
Nouméa,Noumea,-22.2758,166.458,New Caledonia,NC,NCL,Province Sud,primary,182341.0,1540958092
Podgorica,Podgorica,42.4414,19.2628,Montenegro,ME,MNE,Podgorica,primary,173024.0,1499454516
Sievierodonetsk,Sievierodonetsk,48.9481,38.4933,Ukraine,UA,UKR,Luhanska Oblast,minor,150000.0,1804577024
Willemstad,Willemstad,12.108,-68.935,Curaçao,CW,CUW,,primary,150000.0,1531000000
Kerch,Kerch,45.3619,36.4711,Ukraine,UA,UKR,"Krym, Avtonomna Respublika",minor,149566.0,1804437456
Port Louis,Port Louis,-20.1644,57.5042,Mauritius,MU,MUS,Port Louis,primary,149194.0,1480131261
Melitopol,Melitopol,46.8489,35.3675,Ukraine,UA,UKR,Zaporizka Oblast,minor,148851.0,1804906240
Kramatorsk,Kramatorsk,48.7392,37.5839,Ukraine,UA,UKR,Donetska Oblast,minor,147145.0,1804461469
Reykjavík,Reykjavik,64.1467,-21.94,Iceland,IS,ISL,Reykjavík,primary,139875.0,1352327190
Gitega,Gitega,-3.4283,29.925,Burundi,BI,BDI,Gitega,primary,135467.0,1108778000
Bern,Bern,46.9481,7.4475,Switzerland,CH,CHE,Bern,primary,134506.0,1756374318
Porto-Novo,Porto-Novo,6.4972,2.605,Benin,BJ,BEN,Ouémé,primary,133168.0,1204172060
Male,Male,4.1753,73.5089,Maldives,MV,MDV,Maale,primary,133019.0,1462441685
Luxembourg,Luxembourg,49.6117,6.1319,Luxembourg,LU,LUX,Luxembourg,primary,132780.0,1442262731
Papeete,Papeete,-17.5334,-149.5667,French Polynesia,PF,PYF,Îles du Vent,primary,131695.0,1258907380
Khrustalnyi,Khrustalnyi,48.1214,38.9453,Ukraine,UA,UKR,Luhanska Oblast,,124000.0,1804368412
Sri Jayewardenepura Kotte,Sri Jayewardenepura Kotte,6.9108,79.8878,Sri Lanka,LK,LKA,Western,primary,115826.0,1144239330
Uzhhorod,Uzhhorod,48.6239,22.295,Ukraine,UA,UKR,Zakarpatska Oblast,admin,115449.0,1804851697
Thimphu,Thimphu,27.4722,89.6361,Bhutan,BT,BTN,Thimphu,primary,114551.0,1064010361
Sloviansk,Sloviansk,48.8533,37.625,Ukraine,UA,UKR,Donetska Oblast,,113196.0,1804877044
Bridgetown,Bridgetown,13.0975,-59.6167,Barbados,BB,BRB,Saint Michael,primary,110000.0,1052274244
Brovary,Brovary,50.5111,30.79,Ukraine,UA,UKR,Kyivska Oblast,minor,109473.0,1804386597
Yevpatoriia,Yevpatoriia,45.1939,33.3681,Ukraine,UA,UKR,"Krym, Avtonomna Respublika",minor,108248.0,1804279364
Berdiansk,Berdiansk,46.7556,36.7889,Ukraine,UA,UKR,Zaporizka Oblast,minor,106311.0,1804599785
Alchevsk,Alchevsk,48.4778,38.7978,Ukraine,UA,UKR,Luhanska Oblast,minor,105398.0,1804025187
Nikopol,Nikopol,47.5667,34.4,Ukraine,UA,UKR,Dnipropetrovska Oblast,minor,105160.0,1804000135
Pavlohrad,Pavlohrad,48.5167,35.8667,Ukraine,UA,UKR,Dnipropetrovska Oblast,minor,101430.0,1804162854
Kamianets-Podilskyi,Kamianets-Podilskyi,48.6833,26.5833,Ukraine,UA,UKR,Khmelnytska Oblast,minor,100462.0,1804779341
Lysychansk,Lysychansk,48.9167,38.4,Ukraine,UA,UKR,Luhanska Oblast,,96161.0,1804673535
Dovzhansk,Dovzhansk,48.0778,39.6472,Ukraine,UA,UKR,Luhanska Oblast,minor,95153.0,1804768565
Mukacheve,Mukacheve,48.45,22.75,Ukraine,UA,UKR,Zakarpatska Oblast,minor,85569.0,1804401780
Konotop,Konotop,51.2167,33.2,Ukraine,UA,UKR,Sumska Oblast,minor,84787.0,1804110853
Honiara,Honiara,-9.4319,159.9556,Solomon Islands,SB,SLB,Honiara,primary,84520.0,1090737486
Oleksandriia,Oleksandriia,48.6667,33.1167,Ukraine,UA,UKR,Kirovohradska Oblast,minor,82345.0,1804836321
Uman,Uman,48.75,30.2167,Ukraine,UA,UKR,Cherkaska Oblast,minor,82154.0,1804670442
Port of Spain,Port of Spain,10.6667,-61.5167,Trinidad and Tobago,TT,TTO,Port of Spain,primary,81142.0,1780670676
Krasnyi Luch,Krasnyi Luch,48.1333,38.9333,Ukraine,UA,UKR,Luhanska Oblast,,79533.0,1804477928
Yenakiieve,Yenakiieve,48.2167,38.2,Ukraine,UA,UKR,Donetska Oblast,,79348.0,1804228533
Yalta,Yalta,44.4994,34.17,Ukraine,UA,UKR,"Krym, Avtonomna Respublika",,79272.0,1804569428
Shostka,Shostka,51.8667,33.4833,Ukraine,UA,UKR,Sumska Oblast,minor,76788.0,1804764606
Stakhanov,Stakhanov,48.5681,38.6586,Ukraine,UA,UKR,Luhanska Oblast,,75745.0,1804324480
Drohobych,Drohobych,49.35,23.5,Ukraine,UA,UKR,Lvivska Oblast,minor,74610.0,1804782563
Berdychiv,Berdychiv,49.9,28.5667,Ukraine,UA,UKR,Zhytomyrska Oblast,minor,73046.0,1804788404
Kostiantynivka,Kostiantynivka,48.5333,37.7167,Ukraine,UA,UKR,Donetska Oblast,,72888.0,1804423855
Mamoudzou,Mamoudzou,-12.7806,45.2278,Mayotte,YT,MYT,,primary,71437.0,1175099654
Bakhmut,Bakhmut,48.5947,38.0008,Ukraine,UA,UKR,Donetska Oblast,minor,71094.0,1804007616
Izmail,Izmail,45.3517,28.8364,Ukraine,UA,UKR,Odeska Oblast,minor,70731.0,1804652754
Castries,Castries,14.0167,-60.9833,Saint Lucia,LC,LCA,Castries,primary,70000.0,1662922505
Novomoskovsk,Novomoskovsk,48.6333,35.2167,Ukraine,UA,UKR,Dnipropetrovska Oblast,minor,69855.0,1804952905
Fedosiia,Fedosiia,45.0342,35.3792,Ukraine,UA,UKR,"Krym, Avtonomna Respublika",,69145.0,1804677570
Putrajaya,Putrajaya,2.93,101.69,Malaysia,MY,MYS,Putrajaya,primary,67964.0,1458000206
Kovel,Kovel,51.2167,24.7167,Ukraine,UA,UKR,Volynska Oblast,minor,67575.0,1804093604
Nizhyn,Nizhyn,51.0381,31.8861,Ukraine,UA,UKR,Chernihivska Oblast,minor,66981.0,1804714087
Smila,Smila,49.2117,31.8731,Ukraine,UA,UKR,Cherkaska Oblast,minor,65675.0,1804490050
São Tomé,Sao Tome,0.3361,6.7306,Sao Tome and Principe,ST,STP,Água Grande,primary,65468.0,1678301324
Chervonohrad,Chervonohrad,50.3867,24.2289,Ukraine,UA,UKR,Lvivska Oblast,minor,64297.0,1804958186
Pokrovsk,Pokrovsk,48.2828,37.1828,Ukraine,UA,UKR,Donetska Oblast,minor,63437.0,1804910861
Pervomaisk,Pervomaisk,48.0439,30.85,Ukraine,UA,UKR,Mykolaivska Oblast,minor,63377.0,1804620055
Boryspil,Boryspil,50.35,30.95,Ukraine,UA,UKR,Kyivska Oblast,minor,62281.0,1804757407
Praia,Praia,14.918,-23.509,Cabo Verde,CV,CPV,Praia,primary,61644.0,1132398770
Cayenne,Cayenne,4.933,-52.33,French Guiana,GF,GUF,,primary,61550.0,1254304969
Korosten,Korosten,50.95,28.6333,Ukraine,UA,UKR,Zhytomyrska Oblast,minor,61496.0,1804648682
Kolomyia,Kolomyia,48.5306,25.0403,Ukraine,UA,UKR,Ivano-Frankivska Oblast,minor,61269.0,1804285171
Mbabane,Mbabane,-26.3167,31.1333,Eswatini,SZ,SWZ,Hhohho,primary,60691.0,1748811945
Rubizhne,Rubizhne,49.01,38.3714,Ukraine,UA,UKR,Luhanska Oblast,,59951.0,1804246584
Khartsyzk,Khartsyzk,48.0428,38.1425,Ukraine,UA,UKR,Donetska Oblast,,59763.0,1804780082
Druzhkivka,Druzhkivka,48.6214,37.5278,Ukraine,UA,UKR,Donetska Oblast,,59400.0,1804169216
Chornomorsk,Chornomorsk,46.3017,30.6569,Ukraine,UA,UKR,Odeska Oblast,,57983.0,1804199117
Bilhorod-Dnistrovskyi,Bilhorod-Dnistrovskyi,46.1833,30.35,Ukraine,UA,UKR,Odeska Oblast,minor,57210.0,1804836080
Irpin,Irpin,50.5167,30.25,Ukraine,UA,UKR,Kyivska Oblast,,56806.0,1804919448
Chystiakove,Chystiakove,48.0219,38.6264,Ukraine,UA,UKR,Donetska Oblast,,55511.0,1804591771
Stryi,Stryi,49.25,23.85,Ukraine,UA,UKR,Lvivska Oblast,minor,55100.0,1804862811
Novohrad-Volynskyi,Novohrad-Volynskyi,50.5833,27.6333,Ukraine,UA,UKR,Zhytomyrska Oblast,minor,55086.0,1804059567
Lozova,Lozova,48.8833,36.3833,Ukraine,UA,UKR,Kharkivska Oblast,minor,54026.0,1804128755
Pryluky,Pryluky,50.5892,32.3856,Ukraine,UA,UKR,Chernihivska Oblast,minor,53395.0,1804037997
Antratsyt,Antratsyt,48.1192,39.09,Ukraine,UA,UKR,Luhanska Oblast,,52353.0,1804312048
Enerhodar,Enerhodar,47.4989,34.6558,Ukraine,UA,UKR,Zaporizka Oblast,minor,52237.0,1804819053
Horishni Plavni,Horishni Plavni,49.0167,33.6667,Ukraine,UA,UKR,Poltavska Oblast,,52167.0,1804828787
Myrnohrad,Myrnohrad,48.2911,37.2681,Ukraine,UA,UKR,Donetska Oblast,,50360.0,1804762140
Bandar Seri Begawan,Bandar Seri Begawan,4.8903,114.9422,Brunei,BN,BRN,Brunei dan Muara,primary,50000.0,1096465895
Novovolynsk,Novovolynsk,50.7333,24.1667,Ukraine,UA,UKR,Volynska Oblast,,49772.0,1804052073
Shakhtarsk,Shakhtarsk,48.0469,38.4686,Ukraine,UA,UKR,Donetska Oblast,minor,49482.0,1804275296
Port-Vila,Port-Vila,-17.7333,168.3167,Vanuatu,VU,VUT,Shefa,primary,49034.0,1548805075
Okhtyrka,Okhtyrka,50.303,34.892,Ukraine,UA,UKR,Sumska Oblast,minor,47971.0,1804074587
Snizhne,Snizhne,48.0283,38.7656,Ukraine,UA,UKR,Donetska Oblast,,47259.0,1804966231
Rovenky,Rovenky,48.0711,39.3428,Ukraine,UA,UKR,Luhanska Oblast,,46734.0,1804938726
Fastiv,Fastiv,50.0833,29.9167,Ukraine,UA,UKR,Kyivska Oblast,minor,45907.0,1804739399
Dodoma,Dodoma,-6.1731,35.7419,Tanzania,TZ,TZA,Dodoma,primary,45807.0,1834288497
Lubny,Lubny,50.0167,33.0,Ukraine,UA,UKR,Poltavska Oblast,minor,45786.0,1804740843
Svitlovodsk,Svitlovodsk,49.0503,33.2419,Ukraine,UA,UKR,Kirovohradska Oblast,minor,45312.0,1804885566
Nova Kakhovka,Nova Kakhovka,46.755,33.375,Ukraine,UA,UKR,Khersonska Oblast,,45069.0,1804166107
Brianka,Brianka,48.5133,38.6431,Ukraine,UA,UKR,Luhanska Oblast,,44987.0,1804124686
Marhanets,Marhanets,47.6447,34.6042,Ukraine,UA,UKR,Dnipropetrovska Oblast,minor,44980.0,1804303283
Krasnodon,Krasnodon,48.3,39.7333,Ukraine,UA,UKR,Luhanska Oblast,,43683.0,1804346804
Zhovti Vody,Zhovti Vody,48.35,33.5,Ukraine,UA,UKR,Dnipropetrovska Oblast,,42052.0,1804788479
Varash,Varash,51.3444,25.8508,Ukraine,UA,UKR,Rivnenska Oblast,minor,41711.0,1804357890
Romny,Romny,50.75,33.4667,Ukraine,UA,UKR,Sumska Oblast,minor,40316.0,1804386942
Myrhorod,Myrhorod,49.9667,33.6,Ukraine,UA,UKR,Poltavska Oblast,minor,40160.0,1804138671
Podilsk,Podilsk,47.7419,29.535,Ukraine,UA,UKR,Odeska Oblast,minor,40155.0,1804566477
Vyshneve,Vyshneve,50.3869,30.3581,Ukraine,UA,UKR,Kyivska Oblast,,39900.0,1804783746
Yuzhnoukrainsk,Yuzhnoukrainsk,47.8217,31.175,Ukraine,UA,UKR,Mykolaivska Oblast,minor,39235.0,1804000719
Pervomaisk,Pervomaisk,48.6297,38.5619,Ukraine,UA,UKR,Luhanska Oblast,,38801.0,1804078779
Dzhankoi,Dzhankoi,45.7086,34.3933,Ukraine,UA,UKR,"Krym, Avtonomna Respublika",minor,38714.0,1804654537
Apia,Apia,-13.8333,-171.75,Samoa,WS,WSM,Tuamasaga,primary,37708.0,1882489296
Vasylkiv,Vasylkiv,50.1783,30.3158,Ukraine,UA,UKR,Kyivska Oblast,,37696.0,1804342314
Dubno,Dubno,50.3931,25.735,Ukraine,UA,UKR,Rivnenska Oblast,minor,37545.0,1804759407
Pokrov,Pokrov,47.6533,34.0842,Ukraine,UA,UKR,Dnipropetrovska Oblast,,37493.0,1804743879
Yamoussoukro,Yamoussoukro,6.8161,-5.2742,Côte d’Ivoire,CI,CIV,Yamoussoukro,primary,37253.0,1384683557
Boryslav,Boryslav,49.2892,23.4189,Ukraine,UA,UKR,Lvivska Oblast,,37093.0,1804511652
Bucha,Bucha,50.5486,30.2208,Ukraine,UA,UKR,Kyivska Oblast,minor,36971.0,1804587935
Netishyn,Netishyn,50.35,26.6333,Ukraine,UA,UKR,Khmelnytska Oblast,,36921.0,1804202140
Holubivske,Holubivske,48.6333,38.65,Ukraine,UA,UKR,Luhanska Oblast,,36388.0,1804938302
Monaco,Monaco,43.7333,7.4167,Monaco,MC,MCO,,primary,36371.0,1492854256
Kakhovka,Kakhovka,46.7978,33.475,Ukraine,UA,UKR,Khersonska Oblast,minor,35900.0,1804525373
Boyarka,Boyarka,50.3292,30.2886,Ukraine,UA,UKR,Kyivska Oblast,,35411.0,1804000125
Yasynuvata,Yasynuvata,48.1278,37.8625,Ukraine,UA,UKR,Donetska Oblast,,35303.0,1804948935
Voznesensk,Voznesensk,47.5667,31.3,Ukraine,UA,UKR,Mykolaivska Oblast,minor,35243.0,1804117559
Oranjestad,Oranjestad,12.5186,-70.0358,Aruba,AW,ABW,,primary,34980.0,1533513057
Slavuta,Slavuta,50.3028,26.8683,Ukraine,UA,UKR,Khmelnytska Oblast,,34918.0,1804318397
Sambir,Sambir,49.5167,23.2028,Ukraine,UA,UKR,Lvivska Oblast,minor,34444.0,1804333942
Toretsk,Toretsk,48.3917,37.8733,Ukraine,UA,UKR,Donetska Oblast,,34378.0,1804980684
Gibraltar,Gibraltar,36.14,-5.35,Gibraltar,GI,GIB,,primary,34003.0,1292385245
Starokostiantyniv,Starokostiantyniv,49.7556,27.2208,Ukraine,UA,UKR,Khmelnytska Oblast,,33921.0,1804538955
Zhmerynka,Zhmerynka,49.05,28.1,Ukraine,UA,UKR,Vinnytska Oblast,minor,33754.0,1804771070
Saint Helier,Saint Helier,49.1858,-2.11,Jersey,JE,JEY,,primary,33522.0,1832490253
Hlukhiv,Hlukhiv,51.6747,33.9133,Ukraine,UA,UKR,Sumska Oblast,,33478.0,1804181345
Obukhiv,Obukhiv,50.13,30.6567,Ukraine,UA,UKR,Kyivska Oblast,minor,33204.0,1804079919
Chuhuiv,Chuhuiv,49.8356,36.6864,Ukraine,UA,UKR,Kharkivska Oblast,minor,33144.0,1804354882
Lomé,Lome,6.1319,1.2228,Togo,TG,TGO,Maritime,primary,33000.0,1768409132
Yuzhne,Yuzhne,46.63,31.1,Ukraine,UA,UKR,Odeska Oblast,,32745.0,1804000461
Kostopil,Kostopil,50.8833,26.45,Ukraine,UA,UKR,Rivnenska Oblast,,31463.0,1804484929
Novoyavorovskoye,Novoyavorovskoye,49.9311,23.5731,Ukraine,UA,UKR,Lvivska Oblast,,30723.0,1804412448
Majuro,Majuro,7.0833,171.3833,Marshall Islands,MH,MHL,Majuro,primary,30000.0,1584000000
Mohyliv-Podilskyi,Mohyliv-Podilskyi,48.45,27.7833,Ukraine,UA,UKR,Vinnytska Oblast,minor,29925.0,1804578556
Vyshhorod,Vyshhorod,50.5833,30.5,Ukraine,UA,UKR,Kyivska Oblast,minor,29913.0,1804392856
Alushta,Alushta,44.6672,34.3978,Ukraine,UA,UKR,"Krym, Avtonomna Respublika",,29668.0,1804773543
Synelnykove,Synelnykove,48.3178,35.5119,Ukraine,UA,UKR,Dnipropetrovska Oblast,minor,29651.0,1804535574
Tokmak,Tokmak,47.2556,35.7056,Ukraine,UA,UKR,Zaporizka Oblast,minor,29573.0,1804494597
Chortkiv,Chortkiv,49.0075,25.7906,Ukraine,UA,UKR,Ternopilska Oblast,minor,29053.0,1804015197
Pervomaiskyi,Pervomaiskyi,49.3869,36.2142,Ukraine,UA,UKR,Kharkivska Oblast,,28986.0,1804863173
Balakliia,Balakliia,49.4658,36.8678,Ukraine,UA,UKR,Kharkivska Oblast,,28868.0,1804852516
Tarawa,Tarawa,1.3382,173.0176,Kiribati,KI,KIR,,primary,28802.0,1296152641
Novyi Rozdil,Novyi Rozdil,49.4697,24.1367,Ukraine,UA,UKR,Lvivska Oblast,,28745.0,1804473027
Sarny,Sarny,51.3372,26.6058,Ukraine,UA,UKR,Rivnenska Oblast,minor,28626.0,1804767369
Truskavets,Truskavets,49.2806,23.505,Ukraine,UA,UKR,Lvivska Oblast,,28287.0,1804322399
Dobropillia,Dobropillia,48.4689,37.0828,Ukraine,UA,UKR,Donetska Oblast,,28170.0,1804697742
Khrestivka,Khrestivka,48.1464,38.3606,Ukraine,UA,UKR,Donetska Oblast,,28149.0,1804952819
Khust,Khust,48.1814,23.2978,Ukraine,UA,UKR,Zakarpatska Oblast,minor,28039.0,1804836391
Douglas,Douglas,54.15,-4.4775,Isle of Man,IM,IMN,,primary,27938.0,1833688345
Zolotonosha,Zolotonosha,49.6667,32.0333,Ukraine,UA,UKR,Cherkaska Oblast,minor,27847.0,1804210857
George Town,George Town,19.2866,-81.3744,Cayman Islands,KY,CYM,,primary,27704.0,1136159124
Kupiansk,Kupiansk,49.7167,37.5833,Ukraine,UA,UKR,Kharkivska Oblast,minor,27169.0,1804300255
Pershotravensk,Pershotravensk,48.3475,36.4017,Ukraine,UA,UKR,Dnipropetrovska Oblast,,27099.0,1804847334
Pereyaslav-Khmel’nyts’kyy,Pereyaslav-Khmel'nyts'kyy,50.065,31.445,Ukraine,UA,UKR,Kyivska Oblast,,27088.0,1804106305
Ternivka,Ternivka,48.5167,36.0,Ukraine,UA,UKR,Dnipropetrovska Oblast,minor,26961.0,1804507506
Khmilnyk,Khmilnyk,49.5569,27.9572,Ukraine,UA,UKR,Vinnytska Oblast,minor,26916.0,1804424011
Bakhchysarai,Bakhchysarai,44.7528,33.8608,Ukraine,UA,UKR,"Krym, Avtonomna Respublika",minor,26874.0,1804779344
Kirovsk,Kirovsk,48.6375,38.6428,Ukraine,UA,UKR,Luhanska Oblast,,26654.0,1804790912
Sofiyivs’ka Borshchahivka,Sofiyivs'ka Borshchahivka,50.4114,30.3692,Ukraine,UA,UKR,Kyivska Oblast,,26571.0,1804314606
Perevalsk,Perevalsk,48.4333,38.8167,Ukraine,UA,UKR,Luhanska Oblast,minor,26132.0,1804106401
Haisyn,Haisyn,48.8103,29.3842,Ukraine,UA,UKR,Vinnytska Oblast,minor,25698.0,1804988265
Yany Kapu,Yany Kapu,45.9675,33.8003,Ukraine,UA,UKR,"Krym, Avtonomna Respublika",minor,25450.0,1804718701
Vynohradiv,Vynohradiv,48.1497,23.025,Ukraine,UA,UKR,Zakarpatska Oblast,minor,25317.0,1804673048
Malyn,Malyn,50.7689,29.27,Ukraine,UA,UKR,Zhytomyrska Oblast,,25172.0,1804889971
Slavutych,Slavutych,51.5206,30.7569,Ukraine,UA,UKR,Kyivska Oblast,,25030.0,1804529063
Victoria,Victoria,-4.6231,55.4525,Seychelles,SC,SYC,Mont Buxton,primary,24701.0,1690193579
Oleshky,Oleshky,46.6167,32.7167,Ukraine,UA,UKR,Khersonska Oblast,minor,24639.0,1804351272
Zdolbuniv,Zdolbuniv,50.5094,26.2597,Ukraine,UA,UKR,Rivnenska Oblast,,24501.0,1804680410
Armiansk,Armiansk,46.1074,33.6919,Ukraine,UA,UKR,"Krym, Avtonomna Respublika",,24415.0,1804358362
Saky,Saky,45.1336,33.5772,Ukraine,UA,UKR,"Krym, Avtonomna Respublika",minor,24285.0,1804485367
Lebedyn,Lebedyn,50.5831,34.4822,Ukraine,UA,UKR,Sumska Oblast,,24238.0,1804576509
Debaltseve,Debaltseve,48.3333,38.4,Ukraine,UA,UKR,Donetska Oblast,,24209.0,1804770987
Korostyshiv,Korostyshiv,50.3167,29.0667,Ukraine,UA,UKR,Zhytomyrska Oblast,,24129.0,1804003590
Zolochiv,Zolochiv,49.8075,24.9031,Ukraine,UA,UKR,Lvivska Oblast,minor,23986.0,1804914979
Selydove,Selydove,48.15,37.3039,Ukraine,UA,UKR,Donetska Oblast,,23793.0,1804092732
Kaniv,Kaniv,49.75,31.4667,Ukraine,UA,UKR,Cherkaska Oblast,,23503.0,1804910839
Brody,Brody,50.0831,25.1477,Ukraine,UA,UKR,Lvivska Oblast,,23454.0,1804538798
Pesochin,Pesochin,49.9594,36.1108,Ukraine,UA,UKR,Kharkivska Oblast,,23414.0,1804680478
Berehove,Berehove,48.2056,22.6472,Ukraine,UA,UKR,Zakarpatska Oblast,minor,23325.0,1804040318
Nuku‘alofa,Nuku`alofa,-21.1333,-175.2,Tonga,TO,TON,Tongatapu,primary,23221.0,1776737461
Molodohvardiisk,Molodohvardiisk,48.3444,39.6583,Ukraine,UA,UKR,Luhanska Oblast,,22937.0,1804689495
Znamianka,Znamianka,48.7136,32.6733,Ukraine,UA,UKR,Kirovohradska Oblast,minor,22936.0,1804158323
Dokuchaievsk,Dokuchaievsk,47.7519,37.6783,Ukraine,UA,UKR,Donetska Oblast,,22907.0,1804462209
Hadyach,Hadyach,50.3667,34.0,Ukraine,UA,UKR,Poltavska Oblast,,22851.0,1804805894
Andorra la Vella,Andorra la Vella,42.5,1.5,Andorra,AD,AND,Andorra la Vella,primary,22615.0,1020828846
Nadvirna,Nadvirna,48.6333,24.5833,Ukraine,UA,UKR,Ivano-Frankivska Oblast,minor,22504.0,1804082259
Ladyzhyn,Ladyzhyn,48.6667,29.25,Ukraine,UA,UKR,Vinnytska Oblast,,22459.0,1804829324
Lyman,Lyman,48.9853,37.8111,Ukraine,UA,UKR,Donetska Oblast,,22315.0,1804424570
Koziatyn,Koziatyn,49.7167,28.8333,Ukraine,UA,UKR,Vinnytska Oblast,minor,22241.0,1804731678
Saint John’s,Saint John's,17.1167,-61.85,Antigua and Barbuda,AG,ATG,Saint John,primary,22219.0,1028912067
Krolevets,Krolevets,51.55,33.3833,Ukraine,UA,UKR,Sumska Oblast,,22111.0,1804796188
Vilnohirsk,Vilnohirsk,48.4781,34.0281,Ukraine,UA,UKR,Dnipropetrovska Oblast,,22079.0,1804164194
Volnovakha,Volnovakha,47.6022,37.4919,Ukraine,UA,UKR,Donetska Oblast,minor,21441.0,1804124268
Merefa,Merefa,49.8167,36.05,Ukraine,UA,UKR,Kharkivska Oblast,,21421.0,1804653075
Bilohorodka,Bilohorodka,50.3942,30.2314,Ukraine,UA,UKR,Kyivska Oblast,,21367.0,1804583708
Sukhodilsk,Sukhodilsk,48.35,39.7167,Ukraine,UA,UKR,Luhanska Oblast,,21324.0,1804091595
Sokal,Sokal,50.4833,24.2833,Ukraine,UA,UKR,Lvivska Oblast,,20986.0,1804008451
Liubotyn,Liubotyn,49.9483,35.9294,Ukraine,UA,UKR,Kharkivska Oblast,,20887.0,1804620993
Dolyna,Dolyna,48.9706,24.0111,Ukraine,UA,UKR,Ivano-Frankivska Oblast,minor,20691.0,1804692275
Kremenets,Kremenets,50.1081,25.7275,Ukraine,UA,UKR,Ternopilska Oblast,minor,20674.0,1804050857
Popasna,Popasna,48.6333,38.38,Ukraine,UA,UKR,Luhanska Oblast,,20600.0,1804622038
Stebnyk,Stebnyk,49.3,23.5667,Ukraine,UA,UKR,Lvivska Oblast,,20200.0,1804781699
Polonne,Polonne,50.12,27.5078,Ukraine,UA,UKR,Khmelnytska Oblast,,20172.0,1804361206
Krasnohrad,Krasnohrad,49.3667,35.45,Ukraine,UA,UKR,Kharkivska Oblast,minor,20013.0,1804470896
Trostyanets’,Trostyanets',50.4667,34.95,Ukraine,UA,UKR,Sumska Oblast,,19985.0,1804845915
Yahotyn,Yahotyn,50.2569,31.7817,Ukraine,UA,UKR,Kyivska Oblast,,19613.0,1804447594
Okhmalynka,Okhmalynka,47.5333,29.3,Ukraine,UA,UKR,Odeska Oblast,,19606.0,1804223828
Balta,Balta,47.94,29.6219,Ukraine,UA,UKR,Odeska Oblast,minor,19353.0,1804082783
Dolynska,Dolynska,48.1111,32.7647,Ukraine,UA,UKR,Kirovohradska Oblast,minor,19287.0,1804823842
Henichesk,Henichesk,46.1667,34.8,Ukraine,UA,UKR,Khersonska Oblast,minor,19253.0,1804703441
Pidhorodne,Pidhorodne,48.575,35.1022,Ukraine,UA,UKR,Dnipropetrovska Oblast,,19138.0,1804891177
Saint Peter Port,Saint Peter Port,49.4555,-2.5368,Guernsey,GG,GGY,,primary,18958.0,1831991870
Starobilsk,Starobilsk,49.2775,38.9242,Ukraine,UA,UKR,Luhanska Oblast,minor,18796.0,1804913112
Kiliia,Kiliia,45.45,29.2667,Ukraine,UA,UKR,Odeska Oblast,minor,18745.0,1804423656
Kivsharivka,Kivsharivka,49.6289,37.6831,Ukraine,UA,UKR,Kharkivska Oblast,,18496.0,1804870027
Kalynivka,Kalynivka,49.4472,28.5231,Ukraine,UA,UKR,Vinnytska Oblast,minor,18492.0,1804606611
Bakhmach,Bakhmach,51.1831,32.8297,Ukraine,UA,UKR,Chernihivska Oblast,,18441.0,1804417903
Kreminna,Kreminna,49.05,38.2167,Ukraine,UA,UKR,Luhanska Oblast,,18417.0,1804552469
Svatove,Svatove,49.415,38.155,Ukraine,UA,UKR,Luhanska Oblast,minor,18417.0,1804850971
Amvrosiivka,Amvrosiivka,47.7833,38.4833,Ukraine,UA,UKR,Donetska Oblast,,18413.0,1804821911
Korsun-Shevchenkivskyi,Korsun-Shevchenkivskyi,49.4833,31.2833,Ukraine,UA,UKR,Cherkaska Oblast,,18401.0,1804512301
Krasyliv,Krasyliv,49.6519,26.9706,Ukraine,UA,UKR,Khmelnytska Oblast,,18356.0,1804762362
Nuuk,Nuuk,64.1814,-51.6942,Greenland,GL,GRL,Sermersooq,primary,18326.0,1304028354
Volochysk,Volochysk,49.5333,26.1667,Ukraine,UA,UKR,Khmelnytska Oblast,,18295.0,1804155172
Kurakhove,Kurakhove,47.9833,37.2667,Ukraine,UA,UKR,Donetska Oblast,,18220.0,1804871476
Piatykhatky,Piatykhatky,48.4136,33.7028,Ukraine,UA,UKR,Dnipropetrovska Oblast,minor,18140.0,1804098931
Polohy,Polohy,47.4833,36.25,Ukraine,UA,UKR,Zaporizka Oblast,minor,18111.0,1804554214
Zuhres,Zuhres,48.0167,38.2667,Ukraine,UA,UKR,Donetska Oblast,,18024.0,1804960043
Pelahiivka,Pelahiivka,48.0989,38.6128,Ukraine,UA,UKR,Donetska Oblast,,17833.0,1804949257
Dniprorudne,Dniprorudne,47.3863,34.997,Ukraine,UA,UKR,Zaporizka Oblast,,17736.0,1804975764
Reni,Reni,45.4575,28.2711,Ukraine,UA,UKR,Odeska Oblast,minor,17736.0,1804505327
Rozdilna,Rozdilna,46.8486,30.0792,Ukraine,UA,UKR,Odeska Oblast,minor,17441.0,1804162688
Derhachi,Derhachi,50.1114,36.1219,Ukraine,UA,UKR,Kharkivska Oblast,,17433.0,1804803854
Bolhrad,Bolhrad,45.6672,28.6128,Ukraine,UA,UKR,Odeska Oblast,minor,17400.0,1804273550
Skadovsk,Skadovsk,46.1167,32.9167,Ukraine,UA,UKR,Khersonska Oblast,minor,17344.0,1804206912
Moroni,Moroni,-11.699,43.256,Comoros,KM,COM,Grande Comore,primary,17267.0,1174793581
Belmopan,Belmopan,17.2514,-88.7669,Belize,BZ,BLZ,Cayo,primary,17222.0,1084586375
Berezhany,Berezhany,49.4458,24.9361,Ukraine,UA,UKR,Ternopilska Oblast,minor,17139.0,1804101117
Zvenyhorodka,Zvenyhorodka,49.0697,30.9678,Ukraine,UA,UKR,Cherkaska Oblast,minor,17078.0,1804045250
Svalyava,Svalyava,48.5472,22.9861,Ukraine,UA,UKR,Zakarpatska Oblast,,17068.0,1804834428
Iziaslav,Iziaslav,50.1167,26.8,Ukraine,UA,UKR,Khmelnytska Oblast,,16901.0,1804060657
Vatutine,Vatutine,49.0119,31.0714,Ukraine,UA,UKR,Cherkaska Oblast,,16888.0,1804033648
Sudak,Sudak,44.8514,34.9725,Ukraine,UA,UKR,"Krym, Avtonomna Respublika",,16784.0,1804728325
Shpola,Shpola,48.9997,31.3922,Ukraine,UA,UKR,Cherkaska Oblast,,16616.0,1804610656
Horodok,Horodok,49.1667,26.5667,Ukraine,UA,UKR,Khmelnytska Oblast,,16516.0,1804176513
Berezan,Berezan,50.3197,31.47,Ukraine,UA,UKR,Kyivska Oblast,,16506.0,1804009720
Bilohirsk,Bilohirsk,45.0544,34.6022,Ukraine,UA,UKR,"Krym, Avtonomna Respublika",minor,16428.0,1804571792
Novoukrainka,Novoukrainka,48.3231,31.5242,Ukraine,UA,UKR,Kirovohradska Oblast,minor,16338.0,1804711566
Yuvileine,Yuvileine,48.5531,39.1742,Ukraine,UA,UKR,Luhanska Oblast,,16311.0,1804471616
Hostomel,Hostomel,50.5692,30.2653,Ukraine,UA,UKR,Kyivska Oblast,,16190.0,1804995885
Horodok,Horodok,49.7833,23.6444,Ukraine,UA,UKR,Lvivska Oblast,,16085.0,1804513657
Ukrainka,Ukrainka,50.1531,30.7435,Ukraine,UA,UKR,Kyivska Oblast,,16056.0,1804574309
Chornobaivka,Chornobaivka,46.7006,32.5478,Ukraine,UA,UKR,Khersonska Oblast,,15984.0,1804826781
Dunaivtsi,Dunaivtsi,48.8894,26.8569,Ukraine,UA,UKR,Khmelnytska Oblast,,15914.0,1804592967
Skvyra,Skvyra,49.7167,29.6667,Ukraine,UA,UKR,Kyivska Oblast,minor,15889.0,1804833632
Taromske,Taromske,48.4617,34.7828,Ukraine,UA,UKR,Dnipropetrovska Oblast,,15838.0,1804000443
Vynnyky,Vynnyky,49.8156,24.1297,Ukraine,UA,UKR,Lvivska Oblast,,15723.0,1804831750
Ostroh,Ostroh,50.3333,26.5167,Ukraine,UA,UKR,Rivnenska Oblast,,15642.0,1804135367
Rakhiv,Rakhiv,48.05,24.2,Ukraine,UA,UKR,Zakarpatska Oblast,minor,15536.0,1804590257
Verkhnodniprovsk,Verkhnodniprovsk,48.6561,34.3283,Ukraine,UA,UKR,Dnipropetrovska Oblast,minor,15477.0,1804265302
Ilovaisk,Ilovaisk,47.926,38.194,Ukraine,UA,UKR,Donetska Oblast,,15447.0,1804207514
Bar,Bar,49.075,27.6761,Ukraine,UA,UKR,Vinnytska Oblast,minor,15337.0,1804657070
Ovruch,Ovruch,51.3244,28.8081,Ukraine,UA,UKR,Zhytomyrska Oblast,,15250.0,1804670823
Chervonopartyzansk,Chervonopartyzansk,48.0833,39.7833,Ukraine,UA,UKR,Luhanska Oblast,,15218.0,1804816840
Putyvl,Putyvl,51.3167,33.8667,Ukraine,UA,UKR,Sumska Oblast,,15100.0,1804280760
Burshtyn,Burshtyn,49.2583,24.6278,Ukraine,UA,UKR,Ivano-Frankivska Oblast,,15039.0,1804941166
Novyi Buh,Novyi Buh,47.6833,32.5,Ukraine,UA,UKR,Mykolaivska Oblast,minor,15003.0,1804139918
Pyryatyn,Pyryatyn,50.25,32.5333,Ukraine,UA,UKR,Poltavska Oblast,,14988.0,1804468272
Krasnohorivka,Krasnohorivka,48.0067,37.5128,Ukraine,UA,UKR,Donetska Oblast,,14917.0,1804827162
Mykolaiv,Mykolaiv,49.5247,23.9789,Ukraine,UA,UKR,Lvivska Oblast,minor,14915.0,1804613053
Bohodukhiv,Bohodukhiv,50.1617,35.5256,Ukraine,UA,UKR,Kharkivska Oblast,minor,14882.0,1804919140
Vuhledar,Vuhledar,47.7792,37.2483,Ukraine,UA,UKR,Donetska Oblast,,14822.0,1804709738
Roseau,Roseau,15.3014,-61.3883,Dominica,DM,DMA,Saint George,primary,14725.0,1212060440
Ochakiv,Ochakiv,46.6186,31.5392,Ukraine,UA,UKR,Mykolaivska Oblast,minor,14705.0,1804376560
Bilozerske,Bilozerske,48.8667,37.1333,Ukraine,UA,UKR,Donetska Oblast,,14634.0,1804777830
Stanytsia Luhanska,Stanytsia Luhanska,48.6706,39.4722,Ukraine,UA,UKR,Luhanska Oblast,,14543.0,1804822467
Tulchyn,Tulchyn,48.6744,28.8497,Ukraine,UA,UKR,Vinnytska Oblast,minor,14446.0,1804861116
Zolote,Zolote,48.6928,38.5194,Ukraine,UA,UKR,Luhanska Oblast,,14376.0,1804231300
Artsyz,Artsyz,45.9944,29.4322,Ukraine,UA,UKR,Odeska Oblast,minor,14355.0,1804894941
Vil’nyans’k,Vil'nyans'k,47.9419,35.4281,Ukraine,UA,UKR,Zaporizka Oblast,,14324.0,1804823848
Sadovoye,Sadovoye,46.05,30.3667,Ukraine,UA,UKR,Odeska Oblast,,14321.0,1804829390
Novohrodivka,Novohrodivka,48.2,37.3394,Ukraine,UA,UKR,Donetska Oblast,,14300.0,1804940594
Mykolaivka,Mykolaivka,48.8521,37.774,Ukraine,UA,UKR,Donetska Oblast,,14210.0,1804602851
Storozhynets,Storozhynets,48.1619,25.72,Ukraine,UA,UKR,Chernivetska Oblast,minor,14138.0,1804218197
Karlivka,Karlivka,49.45,35.1333,Ukraine,UA,UKR,Poltavska Oblast,,14045.0,1804725163
Haivoron,Haivoron,48.3333,29.8667,Ukraine,UA,UKR,Kirovohradska Oblast,minor,14010.0,1804626693
Nyzhnia Krynka,Nyzhnia Krynka,48.1144,38.1606,Ukraine,UA,UKR,Donetska Oblast,,13927.0,1804441450
Orikhiv,Orikhiv,47.5667,35.7833,Ukraine,UA,UKR,Zaporizka Oblast,,13896.0,1804862588
Kingstown,Kingstown,13.1578,-61.225,Saint Vincent and the Grenadines,VC,VCT,Saint George,primary,13857.0,1670376659
Zhashkiv,Zhashkiv,49.2358,30.1111,Ukraine,UA,UKR,Cherkaska Oblast,,13853.0,1804691013
Zhovkva,Zhovkva,50.055,23.9767,Ukraine,UA,UKR,Lvivska Oblast,,13852.0,1804176070
Horodyshche,Horodyshche,49.2925,31.4581,Ukraine,UA,UKR,Cherkaska Oblast,minor,13799.0,1804360634
Kivertsi,Kivertsi,50.8331,25.4614,Ukraine,UA,UKR,Volynska Oblast,,13798.0,1804112302
Radomyshl,Radomyshl,50.4947,29.2333,Ukraine,UA,UKR,Zhytomyrska Oblast,minor,13685.0,1804242306
Slobozhanske,Slobozhanske,49.5961,36.5269,Ukraine,UA,UKR,Kharkivska Oblast,,13675.0,1804848548
Bunhe,Bunhe,48.2206,38.2739,Ukraine,UA,UKR,Donetska Oblast,,13633.0,1804980165
Solonytsivka,Solonytsivka,49.9869,36.0619,Ukraine,UA,UKR,Kharkivska Oblast,,13626.0,1804926194
Talne,Talne,48.8886,30.7042,Ukraine,UA,UKR,Cherkaska Oblast,,13558.0,1804616798
Hola Prystan,Hola Prystan,46.5167,32.5167,Ukraine,UA,UKR,Khersonska Oblast,minor,13544.0,1804132171
Kaharlyk,Kaharlyk,49.8522,30.8092,Ukraine,UA,UKR,Kyivska Oblast,minor,13544.0,1804596715
Zbarazh,Zbarazh,49.6667,25.7778,Ukraine,UA,UKR,Ternopilska Oblast,,13346.0,1804980168
Tórshavn,Torshavn,62.0,-6.7833,Faroe Islands,FO,FRO,Tórshavn,primary,13326.0,1234904517
Nosivka,Nosivka,50.93,31.5806,Ukraine,UA,UKR,Chernihivska Oblast,,13310.0,1804559608
Berezne,Berezne,50.9967,26.7394,Ukraine,UA,UKR,Rivnenska Oblast,,13285.0,1804802755
Terebovlya,Terebovlya,49.3,25.6903,Ukraine,UA,UKR,Ternopilska Oblast,,13279.0,1804560427
Borodyanka,Borodyanka,50.6439,29.9339,Ukraine,UA,UKR,Kyivska Oblast,,13230.0,1804040478
Slobozhanske,Slobozhanske,48.5336,35.0781,Ukraine,UA,UKR,Dnipropetrovska Oblast,,13221.0,1804133428
Basseterre,Basseterre,17.3,-62.7333,Saint Kitts and Nevis,KN,KNA,Saint George Basseterre,primary,13220.0,1659198919
Apostolove,Apostolove,47.6594,33.7167,Ukraine,UA,UKR,Dnipropetrovska Oblast,minor,13069.0,1804423281
Velykodolynske,Velykodolynske,46.3447,30.5783,Ukraine,UA,UKR,Odeska Oblast,,13036.0,1804355288
Tetiiv,Tetiiv,49.3708,29.69,Ukraine,UA,UKR,Kyivska Oblast,minor,13015.0,1804600319
Kalush,Kalush,49.0442,24.3597,Ukraine,UA,UKR,Ivano-Frankivska Oblast,minor,12873.0,1804375295
Antonivka,Antonivka,46.6808,32.7358,Ukraine,UA,UKR,Khersonska Oblast,,12812.0,1804356221
Hulyaypole,Hulyaypole,47.65,36.2667,Ukraine,UA,UKR,Zaporizka Oblast,,12786.0,1804759589
Yavoriv,Yavoriv,49.9469,23.3931,Ukraine,UA,UKR,Lvivska Oblast,minor,12785.0,1804586607
Perehinske,Perehinske,48.81,24.19,Ukraine,UA,UKR,Ivano-Frankivska Oblast,,12762.0,1804617617
Khorol,Khorol,49.7667,33.2667,Ukraine,UA,UKR,Poltavska Oblast,minor,12720.0,1804292263
Hvardiiske,Hvardiiske,45.1,34.0,Ukraine,UA,UKR,"Krym, Avtonomna Respublika",,12711.0,1804124377
Zelenodolsk,Zelenodolsk,47.5658,33.6464,Ukraine,UA,UKR,Dnipropetrovska Oblast,,12692.0,1804394068
Novhorod-Siverskyi,Novhorod-Siverskyi,51.9972,33.2667,Ukraine,UA,UKR,Chernihivska Oblast,minor,12647.0,1804704468
Petrovske,Petrovske,48.2833,38.8833,Ukraine,UA,UKR,Luhanska Oblast,,12642.0,1804450037
Shchastia,Shchastia,48.7333,39.2333,Ukraine,UA,UKR,Luhanska Oblast,,12629.0,1804786776
Road Town,Road Town,18.4167,-64.6167,"Virgin Islands, British",VG,VGB,,primary,12603.0,1092732412
Pago Pago,Pago Pago,-14.274,-170.7046,American Samoa,AS,ASM,,primary,12576.0,1016976740
Vasylivka,Vasylivka,47.4431,35.2819,Ukraine,UA,UKR,Zaporizka Oblast,minor,12567.0,1804609243
Prymorskyi,Prymorskyi,45.1167,35.4806,Ukraine,UA,UKR,"Krym, Avtonomna Respublika",,12560.0,1804551387
Buchach,Buchach,49.0833,25.4,Ukraine,UA,UKR,Ternopilska Oblast,,12511.0,1804566704
Rozhyshche,Rozhyshche,50.9131,25.27,Ukraine,UA,UKR,Volynska Oblast,,12483.0,1804390315
Kamin-Kashyrskyi,Kamin-Kashyrskyi,51.62,24.9653,Ukraine,UA,UKR,Volynska Oblast,minor,12477.0,1804718360
Biliaivka,Biliaivka,46.4828,30.2014,Ukraine,UA,UKR,Odeska Oblast,minor,12355.0,1804867512
Chasiv Yar,Chasiv Yar,48.5884,37.8359,Ukraine,UA,UKR,Donetska Oblast,,12250.0,1804707989
Bershad,Bershad,48.3728,29.5325,Ukraine,UA,UKR,Vinnytska Oblast,minor,12205.0,1804698312
Koriukivka,Koriukivka,51.7833,32.25,Ukraine,UA,UKR,Chernihivska Oblast,minor,12202.0,1804903304
Hnivan,Hnivan,49.0911,28.3486,Ukraine,UA,UKR,Vinnytska Oblast,,12191.0,1804579295
Bashtanka,Bashtanka,47.4056,32.4375,Ukraine,UA,UKR,Mykolaivska Oblast,minor,12180.0,1804288779
Kamianka-Dniprovska,Kamianka-Dniprovska,47.4628,34.4061,Ukraine,UA,UKR,Zaporizka Oblast,minor,12117.0,1804716389
Uzyn,Uzyn,49.8242,30.4425,Ukraine,UA,UKR,Kyivska Oblast,,12077.0,1804493270
Snihurivka,Snihurivka,47.0736,32.8,Ukraine,UA,UKR,Mykolaivska Oblast,minor,12045.0,1804969781
Bilovodsk,Bilovodsk,49.2,39.5756,Ukraine,UA,UKR,Luhanska Oblast,minor,12000.0,1804703237
Mykhailivka,Mykhailivka,47.2694,35.2222,Ukraine,UA,UKR,Zaporizka Oblast,minor,11949.0,1804473758
Zhdanivka,Zhdanivka,48.1375,38.2608,Ukraine,UA,UKR,Donetska Oblast,,11913.0,1804790480
Horodnia,Horodnia,51.8931,31.5947,Ukraine,UA,UKR,Chernihivska Oblast,,11852.0,1804000009
Myrne,Myrne,47.4322,37.7297,Ukraine,UA,UKR,Donetska Oblast,,11845.0,1804004439
Ukrainsk,Ukrainsk,48.1,37.3833,Ukraine,UA,UKR,Donetska Oblast,,11824.0,1804349001
Baranivka,Baranivka,50.3,27.6667,Ukraine,UA,UKR,Zhytomyrska Oblast,,11765.0,1804259330
Bilopillya,Bilopillya,51.1458,34.3117,Ukraine,UA,UKR,Sumska Oblast,,11743.0,1804185866
Kamianka,Kamianka,49.0333,32.1,Ukraine,UA,UKR,Cherkaska Oblast,,11741.0,1804999372
Ovidiopol,Ovidiopol,46.2447,30.4447,Ukraine,UA,UKR,Odeska Oblast,minor,11741.0,1804919289
Vasylkivka,Vasylkivka,48.2083,36.0294,Ukraine,UA,UKR,Dnipropetrovska Oblast,,11738.0,1804783509
Mala Vyska,Mala Vyska,48.65,31.6333,Ukraine,UA,UKR,Kirovohradska Oblast,minor,11614.0,1804230769
Kalmiuske,Kalmiuske,47.6667,38.0667,Ukraine,UA,UKR,Donetska Oblast,minor,11603.0,1804369480
Nova Odesa,Nova Odesa,47.3097,31.7792,Ukraine,UA,UKR,Mykolaivska Oblast,minor,11510.0,1804621361
Liubashivka,Liubashivka,47.8358,30.2642,Ukraine,UA,UKR,Odeska Oblast,minor,11500.0,1804793583
Lokhvytsya,Lokhvytsya,50.3598,33.2723,Ukraine,UA,UKR,Poltavska Oblast,minor,11485.0,1804270399
Yakymivka,Yakymivka,46.7,35.1667,Ukraine,UA,UKR,Zaporizka Oblast,minor,11481.0,1804110060
Myronivka,Myronivka,49.65,30.9833,Ukraine,UA,UKR,Kyivska Oblast,minor,11478.0,1804440436
Vakhrusheve,Vakhrusheve,48.1667,38.8333,Ukraine,UA,UKR,Luhanska Oblast,,11421.0,1804986291
Nemyriv,Nemyriv,48.9667,28.85,Ukraine,UA,UKR,Vinnytska Oblast,minor,11421.0,1804059627
Hirnyk,Hirnyk,48.05,37.3667,Ukraine,UA,UKR,Donetska Oblast,,11378.0,1804281966
Zimna Voda,Zimna Voda,49.8222,23.9028,Ukraine,UA,UKR,Lvivska Oblast,,11306.0,1804400575
Svitlodarsk,Svitlodarsk,48.4333,38.2167,Ukraine,UA,UKR,Donetska Oblast,,11281.0,1804819736
Baryshivka,Baryshivka,50.3539,31.3167,Ukraine,UA,UKR,Kyivska Oblast,,11178.0,1804157251
Prymorsk,Prymorsk,46.7333,36.35,Ukraine,UA,UKR,Zaporizka Oblast,minor,11157.0,1804278318
Kurman,Kurman,45.4947,34.2947,Ukraine,UA,UKR,"Krym, Avtonomna Respublika",minor,11134.0,1804051281
Illintsi,Illintsi,49.1056,29.2089,Ukraine,UA,UKR,Vinnytska Oblast,minor,11095.0,1804230677
Novoazovsk,Novoazovsk,47.1117,38.0825,Ukraine,UA,UKR,Donetska Oblast,minor,11051.0,1804314673
Chornomorske,Chornomorske,45.5019,32.7025,Ukraine,UA,UKR,"Krym, Avtonomna Respublika",minor,11039.0,1804755639
Zhydachiv,Zhydachiv,49.385,24.1444,Ukraine,UA,UKR,Lvivska Oblast,minor,10962.0,1804137545
Rokytne,Rokytne,49.6667,30.4833,Ukraine,UA,UKR,Kyivska Oblast,minor,10938.0,1804730774
Mena,Mena,51.5167,32.2167,Ukraine,UA,UKR,Chernihivska Oblast,,10935.0,1804891578
Bobrynets,Bobrynets,48.0578,32.1581,Ukraine,UA,UKR,Kirovohradska Oblast,minor,10898.0,1804282287
Bobrovytsia,Bobrovytsia,50.745,31.3869,Ukraine,UA,UKR,Chernihivska Oblast,,10894.0,1804897269
Nova Vodolaha,Nova Vodolaha,49.7192,35.8761,Ukraine,UA,UKR,Kharkivska Oblast,,10881.0,1804657164
Siversk,Siversk,48.8631,38.0972,Ukraine,UA,UKR,Donetska Oblast,,10875.0,1804761281
Tatarbunary,Tatarbunary,45.8403,29.6125,Ukraine,UA,UKR,Odeska Oblast,minor,10836.0,1804771459
Snovsk,Snovsk,51.8203,31.9508,Ukraine,UA,UKR,Chernihivska Oblast,,10825.0,1804059681
Manevychi,Manevychi,51.2914,25.5331,Ukraine,UA,UKR,Volynska Oblast,,10825.0,1804717717
Borshchiv,Borshchiv,48.8028,26.0364,Ukraine,UA,UKR,Ternopilska Oblast,,10803.0,1804384535
Khrystynivka,Khrystynivka,48.8,29.9667,Ukraine,UA,UKR,Cherkaska Oblast,,10762.0,1804529706
Novomyrhorod,Novomyrhorod,48.7833,31.65,Ukraine,UA,UKR,Kirovohradska Oblast,minor,10715.0,1804843352
Ichnia,Ichnia,50.85,32.4,Ukraine,UA,UKR,Chernihivska Oblast,,10709.0,1804909893
Yampil,Yampil,48.24,28.2783,Ukraine,UA,UKR,Vinnytska Oblast,minor,10679.0,1804272878
Novotroitske,Novotroitske,46.35,34.3333,Ukraine,UA,UKR,Khersonska Oblast,minor,10647.0,1804849889
Hrebinka,Hrebinka,50.1167,32.4167,Ukraine,UA,UKR,Poltavska Oblast,,10645.0,1804281882
Lymanka,Lymanka,46.3883,30.6808,Ukraine,UA,UKR,Odeska Oblast,,10590.0,1804461178
Soledar,Soledar,48.6953,38.0675,Ukraine,UA,UKR,Donetska Oblast,,10490.0,1804267090
Bolekhiv,Bolekhiv,49.0669,23.8514,Ukraine,UA,UKR,Ivano-Frankivska Oblast,,10476.0,1804748946
Novodnistrovsk,Novodnistrovsk,48.5778,27.4414,Ukraine,UA,UKR,Chernivetska Oblast,,10463.0,1804548880
Ivankiv,Ivankiv,50.9328,29.9047,Ukraine,UA,UKR,Kyivska Oblast,,10439.0,1804378280
Kamianka-Buzka,Kamianka-Buzka,50.1,24.35,Ukraine,UA,UKR,Lvivska Oblast,,10397.0,1804465663
Tavriisk,Tavriisk,46.75,33.4167,Ukraine,UA,UKR,Khersonska Oblast,,10360.0,1804214941
Krasnoilsk,Krasnoilsk,48.0147,25.5872,Ukraine,UA,UKR,Chernivetska Oblast,,10351.0,1804367722
Sartana,Sartana,47.1667,37.6833,Ukraine,UA,UKR,Donetska Oblast,,10350.0,1804984978
Letychiv,Letychiv,49.3833,27.6167,Ukraine,UA,UKR,Khmelnytska Oblast,,10335.0,1804357044
Haspra,Haspra,44.4361,34.1106,Ukraine,UA,UKR,"Krym, Avtonomna Respublika",,10310.0,1804507625
Lyuboml’,Lyuboml',51.2236,24.0328,Ukraine,UA,UKR,Volynska Oblast,,10295.0,1804570446
Borzna,Borzna,51.2531,32.4292,Ukraine,UA,UKR,Chernihivska Oblast,,10205.0,1804695729
Shyroke,Shyroke,47.6844,33.2728,Ukraine,UA,UKR,Dnipropetrovska Oblast,minor,10202.0,1804425378
Inkerman,Inkerman,44.6,33.6,Ukraine,UA,UKR,"Sevastopol, Misto",,10196.0,1804447396
Tarashcha,Tarashcha,49.55,30.5,Ukraine,UA,UKR,Kyivska Oblast,minor,10195.0,1804874474
Radyvyliv,Radyvyliv,50.1286,25.2644,Ukraine,UA,UKR,Rivnenska Oblast,,10190.0,1804330249
Korolevo,Korolevo,48.15,23.1333,Ukraine,UA,UKR,Zakarpatska Oblast,,10165.0,1804136569
Teplodar,Teplodar,46.5036,30.3244,Ukraine,UA,UKR,Odeska Oblast,,10148.0,1804955869
Vysokyi,Vysokyi,49.8875,36.1211,Ukraine,UA,UKR,Kharkivska Oblast,,10045.0,1804461053
Olevsk,Olevsk,51.2167,27.65,Ukraine,UA,UKR,Zhytomyrska Oblast,minor,10032.0,1804287361
Novooleksiivka,Novooleksiivka,46.2261,34.6417,Ukraine,UA,UKR,Khersonska Oblast,,10026.0,1804233881
Ratne,Ratne,51.65,24.5333,Ukraine,UA,UKR,Volynska Oblast,,9955.0,1804150947
Verkhivtseve,Verkhivtseve,48.4853,34.2539,Ukraine,UA,UKR,Dnipropetrovska Oblast,,9948.0,1804209032
Sniatyn,Sniatyn,48.45,25.5667,Ukraine,UA,UKR,Ivano-Frankivska Oblast,minor,9942.0,1804025263
Dubove,Dubove,48.1861,23.8839,Ukraine,UA,UKR,Zakarpatska Oblast,,9938.0,1804000226
Novgorodskoye,Novgorodskoye,48.3319,37.8364,Ukraine,UA,UKR,Donetska Oblast,,9917.0,1804602556
Pokrovske,Pokrovske,47.9825,36.2339,Ukraine,UA,UKR,Dnipropetrovska Oblast,,9910.0,1804930095
Zinkiv,Zinkiv,50.2103,34.3581,Ukraine,UA,UKR,Poltavska Oblast,,9856.0,1804890384
Rodynske,Rodynske,48.3531,37.21,Ukraine,UA,UKR,Donetska Oblast,,9850.0,1804843183
Berezivka,Berezivka,47.2039,30.9128,Ukraine,UA,UKR,Odeska Oblast,minor,9845.0,1804490359
Kobeliaky,Kobeliaky,49.1333,34.2,Ukraine,UA,UKR,Poltavska Oblast,minor,9841.0,1804297105
Makariv,Makariv,50.4597,29.8147,Ukraine,UA,UKR,Kyivska Oblast,minor,9836.0,1804794239
Sieverne,Sieverne,48.0858,38.6942,Ukraine,UA,UKR,Donetska Oblast,,9832.0,1804225954
Derazhnia,Derazhnia,49.2667,27.4333,Ukraine,UA,UKR,Khmelnytska Oblast,,9772.0,1804230789
Dubliany,Dubliany,49.8961,24.0925,Ukraine,UA,UKR,Lvivska Oblast,,9748.0,1804803324
Radekhiv,Radekhiv,50.2828,24.6375,Ukraine,UA,UKR,Lvivska Oblast,,9746.0,1804200206
Vesele,Vesele,47.0158,34.9122,Ukraine,UA,UKR,Zaporizka Oblast,minor,9719.0,1804322503
Pereshchepyne,Pereshchepyne,49.0167,35.35,Ukraine,UA,UKR,Dnipropetrovska Oblast,,9639.0,1804752457
Izium,Izium,49.2128,37.2569,Ukraine,UA,UKR,Kharkivska Oblast,minor,9609.0,1804385952
Sofiivka,Sofiivka,48.2603,38.1594,Ukraine,UA,UKR,Donetska Oblast,,9597.0,1804009995
Mizhhiria,Mizhhiria,48.5286,23.5019,Ukraine,UA,UKR,Zakarpatska Oblast,minor,9567.0,1804490087
Bilozerka,Bilozerka,46.6278,32.4431,Ukraine,UA,UKR,Khersonska Oblast,minor,9565.0,1804047570
Zymohiria,Zymohiria,48.5819,38.9319,Ukraine,UA,UKR,Luhanska Oblast,,9557.0,1804627347
Velyka Dymerka,Velyka Dymerka,50.5928,30.9103,Ukraine,UA,UKR,Kyivska Oblast,,9554.0,1804901044
Chaplynka,Chaplynka,46.3644,33.5331,Ukraine,UA,UKR,Khersonska Oblast,minor,9539.0,1804411904
Cherniakhiv,Cherniakhiv,50.455,28.6653,Ukraine,UA,UKR,Zhytomyrska Oblast,,9479.0,1804141679
Syurte,Syurte,48.5033,22.2319,Ukraine,UA,UKR,Zakarpatska Oblast,,9460.0,1804433014
Nyzhnohirskyi,Nyzhnohirskyi,45.4436,34.7406,Ukraine,UA,UKR,"Krym, Avtonomna Respublika",minor,9460.0,1804665220
Bezliudivka,Bezliudivka,49.8692,36.2697,Ukraine,UA,UKR,Kharkivska Oblast,,9436.0,1804332545
Dubrovytsya,Dubrovytsya,51.5667,26.5667,Ukraine,UA,UKR,Rivnenska Oblast,,9424.0,1804570134
Pokotylivka,Pokotylivka,49.9114,36.1786,Ukraine,UA,UKR,Kharkivska Oblast,,9394.0,1804790760
Novopskov,Novopskov,49.5383,39.1019,Ukraine,UA,UKR,Luhanska Oblast,,9392.0,1804845415
Dymka,Dymka,48.0972,25.9753,Ukraine,UA,UKR,Chernivetska Oblast,,9376.0,1804264620
Pustomyty,Pustomyty,49.7139,23.9108,Ukraine,UA,UKR,Lvivska Oblast,minor,9372.0,1804234858
Tysmenytsia,Tysmenytsia,48.9008,24.8492,Ukraine,UA,UKR,Ivano-Frankivska Oblast,minor,9287.0,1804289789
Teplohirsk,Teplohirsk,48.5967,38.5828,Ukraine,UA,UKR,Luhanska Oblast,,9270.0,1804759308
Khotyn,Khotyn,48.5069,26.4903,Ukraine,UA,UKR,Chernivetska Oblast,minor,9262.0,1804000263
Velykyi Bychkiv,Velykyi Bychkiv,47.9667,24.015,Ukraine,UA,UKR,Zakarpatska Oblast,,9255.0,1804273540
Smoline,Smoline,48.6017,31.2947,Ukraine,UA,UKR,Kirovohradska Oblast,,9243.0,1804267976
Reshetylivka,Reshetylivka,49.5667,34.0667,Ukraine,UA,UKR,Poltavska Oblast,minor,9240.0,1804143252
Hlyboka,Hlyboka,48.0833,25.9333,Ukraine,UA,UKR,Chernivetska Oblast,minor,9226.0,1804213511
Kalanchak,Kalanchak,46.2522,33.2906,Ukraine,UA,UKR,Khersonska Oblast,minor,9224.0,1804573757
Pohrebyshche,Pohrebyshche,49.4833,29.2667,Ukraine,UA,UKR,Vinnytska Oblast,minor,9209.0,1804131540
Obukhivka,Obukhivka,48.5433,34.8589,Ukraine,UA,UKR,Dnipropetrovska Oblast,,9175.0,1804260181
Irshava,Irshava,48.3,23.05,Ukraine,UA,UKR,Zakarpatska Oblast,minor,9163.0,1804188148
Stryzhavka,Stryzhavka,49.3103,28.4808,Ukraine,UA,UKR,Vinnytska Oblast,,9137.0,1804715447
Bilenke,Bilenke,48.7664,37.6314,Ukraine,UA,UKR,Donetska Oblast,,9136.0,1804319022
Hurzuf,Hurzuf,44.5528,34.2875,Ukraine,UA,UKR,"Krym, Avtonomna Respublika",,9117.0,1804682977
Horodenka,Horodenka,48.6675,25.5003,Ukraine,UA,UKR,Ivano-Frankivska Oblast,minor,9113.0,1804663549
Hirske,Hirske,48.7519,38.495,Ukraine,UA,UKR,Luhanska Oblast,,9100.0,1804087292
Marinka,Marinka,47.9419,37.5036,Ukraine,UA,UKR,Donetska Oblast,,9089.0,1804456734
Velyki Luchky,Velyki Luchky,48.4167,22.5667,Ukraine,UA,UKR,Zakarpatska Oblast,,9028.0,1804653748
Pivnichne,Pivnichne,48.3886,37.9067,Ukraine,UA,UKR,Donetska Oblast,,9024.0,1804162324
Zalishchyky,Zalishchyky,48.65,25.7333,Ukraine,UA,UKR,Ternopilska Oblast,minor,9021.0,1804632373
Novyi Svit,Novyi Svit,47.8167,38.0333,Ukraine,UA,UKR,Donetska Oblast,,8996.0,1804652503
Pomichna,Pomichna,48.25,31.4167,Ukraine,UA,UKR,Kirovohradska Oblast,,8994.0,1804146388
Kozova,Kozova,49.4319,25.1594,Ukraine,UA,UKR,Ternopilska Oblast,minor,8989.0,1804829184
Uspenka,Uspenka,48.3939,39.1536,Ukraine,UA,UKR,Luhanska Oblast,,8974.0,1804689890
Hlobyne,Hlobyne,49.3903,33.2503,Ukraine,UA,UKR,Poltavska Oblast,minor,8955.0,1804876487
Yasenivskyi,Yasenivskyi,48.1606,39.2175,Ukraine,UA,UKR,Luhanska Oblast,,8943.0,1804630706
Monastyryshche,Monastyryshche,48.99,29.8011,Ukraine,UA,UKR,Cherkaska Oblast,,8925.0,1804117787
Horokhiv,Horokhiv,50.4994,24.765,Ukraine,UA,UKR,Volynska Oblast,,8925.0,1804715823
Tiachiv,Tiachiv,48.0114,23.5722,Ukraine,UA,UKR,Zakarpatska Oblast,minor,8887.0,1804591278
Tlumach,Tlumach,48.8667,25.0,Ukraine,UA,UKR,Ivano-Frankivska Oblast,minor,8886.0,1804009591
Ilarionove,Ilarionove,48.4092,35.2753,Ukraine,UA,UKR,Dnipropetrovska Oblast,,8854.0,1804506768
Hlevakha,Hlevakha,50.2622,30.2894,Ukraine,UA,UKR,Kyivska Oblast,,8849.0,1804118267
Kryzhopil,Kryzhopil,48.3842,28.8625,Ukraine,UA,UKR,Vinnytska Oblast,minor,8788.0,1804820411
Volodymyrets,Volodymyrets,51.4208,26.145,Ukraine,UA,UKR,Rivnenska Oblast,,8699.0,1804152212
Barvynkove,Barvynkove,48.9,37.0167,Ukraine,UA,UKR,Kharkivska Oblast,,8660.0,1804415450
Chyhyryn,Chyhyryn,49.0772,32.6492,Ukraine,UA,UKR,Cherkaska Oblast,minor,8658.0,1804035691
Sokyriany,Sokyriany,48.45,27.3667,Ukraine,UA,UKR,Chernivetska Oblast,minor,8652.0,1804903949
Solotvyno,Solotvyno,47.9556,23.8711,Ukraine,UA,UKR,Zakarpatska Oblast,,8632.0,1804988039
Chop,Chop,48.4333,22.2,Ukraine,UA,UKR,Zakarpatska Oblast,,8626.0,1804775994
Rava-Rus’ka,Rava-Rus'ka,50.225,23.6242,Ukraine,UA,UKR,Lvivska Oblast,,8586.0,1804385058
Yasinia,Yasinia,48.2728,24.3747,Ukraine,UA,UKR,Zakarpatska Oblast,,8579.0,1804338366
Liubymivka,Liubymivka,48.0397,39.44,Ukraine,UA,UKR,Luhanska Oblast,,8578.0,1804599581
Masandra,Masandra,44.5167,34.1833,Ukraine,UA,UKR,"Krym, Avtonomna Respublika",,8571.0,1804841893
Bushtyno,Bushtyno,48.0536,23.4767,Ukraine,UA,UKR,Zakarpatska Oblast,,8562.0,1804233916
Nerubaiske,Nerubaiske,46.5467,30.6306,Ukraine,UA,UKR,Odeska Oblast,,8558.0,1804433440
Dachne,Dachne,46.5775,30.5489,Ukraine,UA,UKR,Odeska Oblast,,8549.0,1804516760
Kosiv,Kosiv,48.315,25.0953,Ukraine,UA,UKR,Ivano-Frankivska Oblast,minor,8522.0,1804417553
Biloziria,Biloziria,49.3053,31.8922,Ukraine,UA,UKR,Cherkaska Oblast,,8506.0,1804429067
Palikir,Palikir,6.9172,158.1589,"Micronesia, Federated States of",FM,FSM,Pohnpei,primary,6227.0,1583008885
Funafuti,Funafuti,-8.5167,179.2,Tuvalu,TV,TUV,Funafuti,primary,6025.0,1798251391
Lobamba,Lobamba,-26.4465,31.2064,Eswatini,SZ,SWZ,Hhohho,primary,5800.0,1748963140
Marigot,Marigot,18.0706,-63.0847,Saint Martin,MF,MAF,,primary,5700.0,1663133172
Vaduz,Vaduz,47.141,9.521,Liechtenstein,LI,LIE,Vaduz,primary,5696.0,1438317747
Saint-Pierre,Saint-Pierre,46.7778,-56.1778,Saint Pierre and Miquelon,PM,SPM,,primary,5394.0,1666340272
Saint George’s,Saint George's,12.05,-61.75,Grenada,GD,GRD,Saint George,primary,4315.0,1308891766
San Marino,San Marino,43.9346,12.4473,San Marino,SM,SMR,San Marino Città,primary,4040.0,1674741947
Avarua,Avarua,-21.207,-159.771,Cook Islands,CK,COK,,primary,4009.0,1184217570
Grand Turk,Grand Turk,21.459,-71.139,Turks and Caicos Islands,TC,TCA,,primary,3700.0,1796965313
The Valley,The Valley,18.2208,-63.0517,Anguilla,AI,AIA,,primary,3269.0,1660698387
Tifariti,Tifariti,26.158,-10.567,Morocco,MA,MAR,Laâyoune-Sakia El Hamra,primary,3000.0,1504999990
Capitol Hill,Capitol Hill,15.2137,145.7546,Northern Mariana Islands,MP,MNP,,primary,2500.0,1580556972
Gustavia,Gustavia,17.8979,-62.8506,Saint Barthelemy,BL,BLM,,primary,2300.0,1652681565
Stanley,Stanley,-51.7,-57.85,Falkland Islands (Islas Malvinas),FK,FLK,,primary,2213.0,1238780509
Philipsburg,Philipsburg,18.0237,-63.0458,Sint Maarten,SX,SXM,,primary,1894.0,1534859858
Longyearbyen,Longyearbyen,78.22,15.65,Svalbard,XR,XSV,,primary,1753.0,1930654114
Flying Fish Cove,Flying Fish Cove,-10.4261,105.6728,Christmas Island,CX,CXR,,primary,1599.0,1162889600
Hagåtña,Hagta,13.4745,144.7504,Guam,GU,GUM,,primary,1051.0,1316937540
Mata-Utu,Mata-Utu,-13.2833,-176.1833,Wallis and Futuna,WF,WLF,Uvea,primary,1029.0,1876784844
Hamilton,Hamilton,32.293,-64.782,Bermuda,BM,BMU,Hamilton,primary,854.0,1060000000
Vatican City,Vatican City,41.904,12.453,Vatican City,VA,VAT,,primary,825.0,1336000000
Yaren,Yaren,-0.5477,166.9209,Nauru,NR,NRU,Yaren,primary,747.0,1520790128
Jamestown,Jamestown,-15.9251,-5.7179,"Saint Helena, Ascension, and Tristan da Cunha",SH,SHN,Saint Helena,primary,714.0,1654761576
Alofi,Alofi,-19.056,-169.921,Niue,NU,NIU,,primary,597.0,1570882835
Brades,Brades,16.7928,-62.2106,Montserrat,MS,MSR,Saint Peter,primary,391.0,1500971198
Kingston,Kingston,-29.0606,167.9619,Norfolk Island,NF,NFK,,primary,341.0,1574121434
Basse-Terre,Basse-Terre,16.0104,-61.7055,Guadeloupe,GP,GLP,,primary,307.0,1312938008
Ngerulmud,Ngerulmud,7.5006,134.6242,Palau,PW,PLW,Melekeok,primary,271.0,1585525081
Adamstown,Adamstown,-25.0667,-130.1,Pitcairn Islands,PN,PCN,,primary,47.0,1612000000
Plymouth,Plymouth,16.7064,-62.2158,Montserrat,MS,MSR,Saint Anthony,primary,,1500711935
King Edward Point,King Edward Point,-54.2833,-36.5,South Georgia And South Sandwich Islands,GS,SGS,,primary,,1239048838
Charlotte Amalie,Charlotte Amalie,18.342,-64.9331,U.S. Virgin Islands,VI,VIR,Virgin Islands,primary,,1850037473
